,",",.,?,!,:,;,-,–,',"""",,",",.,?,!,:,;,-,–,',""""
"Lincoln, Abraham",101016,67890,3758,710,4620,7869,15843,0,4882,8700,"Lincoln, Abraham",0,0,0,0,0,0,0,0,0,0
"Adam, Paul",2943,2803,3,0,90,313,1940,0,54,192,"Adam, Paul",28966,31392,1263,3327,882,1422,10520,0,18773,0
"Carroll, Lewis",38926,29552,3310,7237,4105,4051,34326,0,10873,20962,"Carroll, Lewis",0,0,0,0,0,0,0,0,0,0
"Melville, Herman",158576,62681,7069,9151,2788,29270,40730,0,11388,20963,"Melville, Herman",0,0,0,0,0,0,0,0,0,0
"Milton, John",40788,15336,1210,532,3079,5120,4119,0,8589,1597,"Milton, John",0,0,0,0,0,0,0,0,0,0
"Roget, Peter Mark",55687,27905,52,659,124,32954,1946,0,2369,1628,"Roget, Peter Mark",0,0,0,0,0,0,0,0,0,0
"Hardy, Thomas",169233,117122,13061,14082,3939,17992,42566,33,58653,11289,"Hardy, Thomas",0,0,0,0,0,0,0,0,0,0
"Hawthorne, Nathaniel",283940,112810,5729,10320,1067,28455,62878,0,15439,37913,"Hawthorne, Nathaniel",0,0,0,0,0,0,0,0,0,0
"Stevenson, Robert Louis",396441,222781,17584,16692,10781,79020,71140,17,46422,83869,"Stevenson, Robert Louis",11774,6257,812,2357,441,1203,5493,0,8523,0
"Dickens, Charles",680618,334232,35756,45442,12391,66333,116985,3,162004,75227,"Dickens, Charles",145453,86056,9533,13822,5089,15699,54465,0,109709,0
"Descartes, René",6333,1478,12,0,224,773,267,0,210,66,"Descartes, René",8675,2675,216,28,569,1450,1323,0,8953,0
"Marx, Karl",12629,7063,178,46,257,1048,1411,0,165,291,"Marx, Karl",0,0,0,0,0,0,0,0,0,0
"Engels, Friedrich",22865,11954,288,124,414,1552,4004,0,955,2421,"Engels, Friedrich",0,0,0,0,0,0,0,0,0,0
"Burroughs, Edgar Rice",90502,79193,5278,3760,560,6379,24368,0,11615,32111,"Burroughs, Edgar Rice",0,0,0,0,0,0,0,0,0,0
"Twain, Mark",301782,214282,15091,17105,11896,45842,132977,0,70254,27593,"Twain, Mark",2506,1874,186,386,240,576,1324,0,2334,292
"Thoreau, Henry David",85136,35961,1740,968,614,7908,13040,5,2367,4691,"Thoreau, Henry David",0,0,0,0,0,0,0,0,0,0
"Crane, Stephen",35832,36304,3395,3210,873,1253,11118,0,11733,21577,"Crane, Stephen",0,0,0,0,0,0,0,0,0,0
"Scott, Walter",843699,307616,25570,24394,8968,74870,185562,7,113602,162457,"Scott, Walter",47524,22433,2292,3047,1993,6217,20530,0,39769,4
"Verne, Jules",300706,184295,17202,21331,4200,25254,43273,0,17936,104379,"Verne, Jules",285418,177003,15625,31950,4473,10451,119204,5,179124,887
"Shelley, Mary Wollstonecraft",25738,12591,857,1076,785,5220,5605,0,1382,2198,"Shelley, Mary Wollstonecraft",0,0,0,0,0,0,0,0,0,0
"Shakespeare, William",360569,421321,41442,21026,66454,44985,50463,151,94898,4173,"Shakespeare, William",97733,94921,11371,12296,9383,16192,95967,0,67795,3
"Austen, Jane",65489,40571,2858,3764,1046,11478,4607,0,1459,2580,"Austen, Jane",14070,9112,771,1000,815,2991,5393,0,13389,0
"Doyle, Arthur Conan",260327,191878,17965,14250,1709,6736,44164,0,40092,79196,"Doyle, Arthur Conan",30657,18207,1615,1439,328,256,14653,0,24246,319
"Hugo, Victor",149070,93803,8969,12366,3648,18552,31273,0,9837,35243,"Hugo, Victor",196544,120615,11050,20118,9532,21874,70776,0,143906,985
"Woolf, Virginia",30455,21661,2234,1026,290,2985,3843,0,1029,2348,"Woolf, Virginia",0,0,0,0,0,0,0,0,0,0
"Eliot, George",156461,98647,7229,3919,6091,18817,39632,0,20369,29340,"Eliot, George",0,0,0,0,0,0,0,0,0,0
"Paine, Thomas",70776,31750,1268,366,1708,8293,5728,0,1920,4131,"Paine, Thomas",0,0,0,0,0,0,0,0,0,0
"Franklin, Benjamin",113803,53353,1707,794,3160,12616,22454,0,10341,7551,"Franklin, Benjamin",15671,8737,235,109,678,1783,4217,0,14246,8
"Coleridge, Samuel Taylor",235188,149158,9194,24720,15408,24092,64944,5,47845,16094,"Coleridge, Samuel Taylor",0,0,0,0,0,0,0,0,0,0
"Webster, Jean",30178,31735,3423,2671,561,3442,12467,0,21779,14177,"Webster, Jean",0,0,0,0,0,0,0,0,0,0
"Chopin, Kate",11516,10375,936,703,214,1507,2471,0,4754,4025,"Chopin, Kate",0,0,0,0,0,0,0,0,0,0
"Wilde, Oscar",68412,57963,4250,4249,2376,4849,9223,3,8622,1892,"Wilde, Oscar",26412,22881,1288,1693,682,1311,8688,0,22157,6
"Leroux, Gaston",22867,20420,2356,3149,1088,1703,5292,0,4748,12586,"Leroux, Gaston",24243,32336,2058,6618,1403,976,12984,0,20197,4
"James, Henry",325987,214862,25800,16171,7605,41188,115784,0,80658,131176,"James, Henry",0,0,0,0,0,0,0,0,0,0
"Lawson, Henry",28899,19794,1652,2016,1185,2988,15350,0,17648,10965,"Lawson, Henry",0,0,0,0,0,0,0,0,0,0
"London, Jack",209185,184271,10994,7880,2085,8903,50369,0,43576,56267,"London, Jack",0,0,0,0,0,0,0,0,0,0
"Lawrence, D. H. (David Herbert)",118244,105982,10471,6722,3759,2729,28273,0,26705,37777,"Lawrence, D. H. (David Herbert)",0,0,0,0,0,0,0,0,0,0
"Conrad, Joseph",132188,132350,9837,9546,3585,9902,41679,0,24900,47824,"Conrad, Joseph",0,0,0,0,0,0,0,0,0,0
"Maugham, W. Somerset (William Somerset)",82588,121671,10735,4017,1767,9005,12954,0,41005,18526,"Maugham, W. Somerset (William Somerset)",0,0,0,0,0,0,0,0,0,0
"Kipling, Rudyard",192428,157438,16873,19546,4099,15147,95887,0,117131,58843,"Kipling, Rudyard",0,0,0,0,0,0,0,0,0,0
"FitzGerald, Edward",18827,15598,591,643,3838,2900,4913,0,5652,142,"FitzGerald, Edward",0,0,0,0,0,0,0,0,0,0
"Webster, Noah",74895,121856,16134,167,1271,26512,2838,5,1976,1464,"Webster, Noah",0,0,0,0,0,0,0,0,0,0
"Chaucer, Geoffrey",215670,252362,2599,3610,6542,62830,30497,0,40369,8462,"Chaucer, Geoffrey",0,0,0,0,0,0,0,0,0,0
Saki,27119,17303,1125,372,486,3179,6443,0,4335,7801,Saki,0,0,0,0,0,0,0,0,0,0
"Jerome, Jerome K. (Jerome Klapka)",84094,72931,6314,3005,2500,8239,22557,0,19948,35220,"Jerome, Jerome K. (Jerome Klapka)",4045,3905,328,159,370,527,2663,0,4588,0
"Drake, Joseph Rodman",1099,311,22,100,23,263,292,0,289,43,"Drake, Joseph Rodman",0,0,0,0,0,0,0,0,0,0
"Fox, John",37460,24276,1848,1572,908,2101,16004,0,13951,17246,"Fox, John",0,0,0,0,0,0,0,0,0,0
"Muir, John",37633,16060,189,349,286,2203,7350,0,1014,1446,"Muir, John",0,0,0,0,0,0,0,0,0,0
"Proudhon, P.-J. (Pierre-Joseph)",29438,11114,1436,623,1481,3842,5578,0,655,1977,"Proudhon, P.-J. (Pierre-Joseph)",0,0,0,0,0,0,0,0,0,0
"Austin, Mary Hunter",23209,17702,1193,762,196,1870,6068,0,5152,8886,"Austin, Mary Hunter",0,0,0,0,0,0,0,0,0,0
"Defoe, Daniel",251542,58788,3444,1187,6388,41434,15910,0,20414,10447,"Defoe, Daniel",28088,8862,562,459,1246,4935,8254,0,25747,0
"Churchill, Winston",297911,245358,20343,10800,4986,15893,74980,0,68836,137925,"Churchill, Winston",0,0,0,0,0,0,0,0,0,0
"Anderson, Sherwood",17412,23609,736,348,48,354,2613,0,4515,7414,"Anderson, Sherwood",0,0,0,0,0,0,0,0,0,0
"Le Bon, Gustave",8796,6235,118,26,188,513,1656,0,716,268,"Le Bon, Gustave",10871,7827,189,50,572,578,2884,0,10894,0
"La Fayette, Madame de (Marie-Madeleine Pioche de La Vergne)",4989,1292,126,34,188,1447,235,0,547,977,"La Fayette, Madame de (Marie-Madeleine Pioche de La Vergne)",8454,4475,203,111,405,1653,1849,0,9329,609
"Prévost, abbé",4427,2476,165,251,177,717,1438,0,1296,592,"Prévost, abbé",14424,9933,187,181,183,1370,2347,0,14461,0
"Balzac, Honoré de",526526,277159,30500,36685,7020,68986,119028,0,63499,195402,"Balzac, Honoré de",107560,63066,6144,8468,4153,7165,47913,0,67406,46
"Potter, Beatrix",4557,5265,452,1100,96,1173,3234,0,778,2646,"Potter, Beatrix",83,100,4,23,5,13,21,0,43,30
"Lamb, Charles",20630,10828,824,809,559,2610,6542,0,2694,2952,"Lamb, Charles",0,0,0,0,0,0,0,0,0,0
"Blake, William",1638,662,134,153,177,252,111,0,305,152,"Blake, William",0,0,0,0,0,0,0,0,0,0
"Bacon, Francis",25849,8790,147,13,1204,4704,919,0,638,632,"Bacon, Francis",0,0,0,0,0,0,0,0,0,0
"Johnson, Samuel",235691,84053,2987,1458,6765,32499,9969,6,11164,7658,"Johnson, Samuel",0,0,0,0,0,0,0,0,0,0
"Maupassant, Guy de",213747,112066,12760,13708,16197,14181,24456,0,20042,33394,"Maupassant, Guy de",104591,61134,5000,5970,8033,8009,28390,0,64082,4635
"James, William",70828,44584,2007,1471,1845,6026,17126,0,12014,8134,"James, William",0,0,0,0,0,0,0,0,0,0
"Swift, Jonathan",133806,64109,2788,1482,9150,20732,12886,119,11810,10730,"Swift, Jonathan",15675,6288,208,841,499,2024,2074,0,11482,0
"Lovelace, Richard",6768,4771,204,387,438,905,1768,0,2214,425,"Lovelace, Richard",0,0,0,0,0,0,0,0,0,0
"Van Dyke, Henry",61443,36580,3259,3134,2598,6124,18045,0,5854,14022,"Van Dyke, Henry",0,0,0,0,0,0,0,0,0,0
"Freud, Sigmund",22101,16172,410,68,628,1915,3637,0,1570,2329,"Freud, Sigmund",0,0,0,0,0,0,0,0,0,0
"Brontë, Anne",21839,8309,1270,1226,1236,3468,1120,0,0,0,"Brontë, Anne",0,0,0,0,0,0,0,0,0,0
"Brontë, Emily",9892,5142,779,1329,1173,1896,572,0,0,0,"Brontë, Emily",0,0,0,0,0,0,0,0,0,0
"Brontë, Charlotte",57259,33734,4832,3097,4897,12116,16274,0,4156,15139,"Brontë, Charlotte",13337,8308,1303,801,801,5032,7179,0,11953,0
Stendhal,10624,11303,675,376,177,617,1283,0,1555,5837,Stendhal,48796,31004,1833,2583,2639,6658,14557,0,23672,0
"Fitzgerald, F. Scott (Francis Scott)",21640,23117,2214,1890,1400,1300,12358,0,7294,13010,"Fitzgerald, F. Scott (Francis Scott)",0,0,0,0,0,0,0,0,0,0
"Tocqueville, Alexis de",40387,22438,421,98,1883,7733,5478,0,677,1384,"Tocqueville, Alexis de",21513,13081,296,42,1101,3961,4976,0,23654,22
"Chrétien, de Troyes, active 12th century",15868,10868,652,508,1304,2364,1310,0,887,4405,"Chrétien, de Troyes, active 12th century",0,0,0,0,0,0,0,0,0,0
"Bacon, John M. (John Mackenzie)",7802,3843,28,29,65,268,713,0,284,542,"Bacon, John M. (John Mackenzie)",0,0,0,0,0,0,0,0,0,0
"Christie, Agatha",8723,11929,1806,1060,285,106,2172,0,0,0,"Christie, Agatha",0,0,0,0,0,0,0,0,0,0
"Shaw, Bernard",78202,105320,12188,8285,8888,10922,16243,0,18094,18544,"Shaw, Bernard",0,0,0,0,0,0,0,0,0,0
"Spinoza, Benedictus de",35789,21858,210,35,2129,3430,4217,0,1328,1615,"Spinoza, Benedictus de",0,0,0,0,0,0,0,0,0,0
"Poe, Edgar Allan",95260,44433,2811,6162,1688,7247,16941,0,1948,3264,,,,,1603,598,2684,13647,0,21811,797
,,,,,,,,,,,"Poe, Edgar Allan",28105,13886,861,,,,,,,
"Darwin, Charles",395756,294345,2904,1496,17512,56912,88451,13,35116,25426,"Darwin, Charles",21736,9460,211,38,289,2625,4053,0,17359,0
"Dumas, Alexandre",596475,321071,48776,43749,14499,73020,90901,0,51070,288397,"Dumas, Alexandre",522106,271871,42670,49818,21523,58216,276532,0,281228,1161
"Munro, John",10363,6014,276,169,66,693,1521,0,1485,1869,"Munro, John",0,0,0,0,0,0,0,0,0,0
"Zola, Émile",307661,149812,11629,22024,7946,22921,32884,0,19008,45565,"Zola, Émile",409494,204288,12229,28025,10125,19990,87402,0,211618,459
"Rougemont, Louis de",6814,3873,53,119,17,509,2234,0,288,578,"Rougemont, Louis de",0,0,0,0,0,0,0,0,0,0
"Rabelais, François",71188,26735,2164,1262,753,6757,8521,0,4364,12,"Rabelais, François",0,0,0,0,0,0,0,0,0,0
"Babbage, Charles",12091,6986,105,5,460,1546,1296,0,353,202,"Babbage, Charles",0,0,0,0,0,0,0,0,0,0
"Flaubert, Gustave",61471,36041,2976,7751,1981,8430,12553,0,3688,13739,"Flaubert, Gustave",61192,34205,2597,8415,3656,8346,19977,0,39629,523
"Rostand, Edmond",10719,19130,2865,8190,2802,613,8429,0,2836,753,"Rostand, Edmond",2781,4301,646,2170,2621,110,1186,0,2163,60
"Huxley, Thomas Henry",167348,83009,3054,816,4762,18665,35657,0,12432,29748,"Huxley, Thomas Henry",0,0,0,0,0,0,0,0,0,0
"Scott, Walter Dill",3108,3685,44,0,75,316,882,0,820,0,"Scott, Walter Dill",0,0,0,0,0,0,0,0,0,0
"Eliot, T. S. (Thomas Stearns)",1869,1602,98,63,141,209,358,0,193,594,"Eliot, T. S. (Thomas Stearns)",0,0,0,0,0,0,0,0,0,0
"Graves, Robert",4599,2703,226,253,265,446,1163,0,552,434,"Graves, Robert",0,0,0,0,0,0,0,0,0,0
Shakespeare (spurious and doubtful works),5543,4294,625,268,617,797,370,0,949,0,Shakespeare (spurious and doubtful works),0,0,0,0,0,0,0,0,0,0
"Dumas, Alexandre",596475,321071,48776,43749,14499,73020,90901,0,51070,288397,"Dumas, Alexandre",522106,271871,42670,49818,21523,58216,276532,0,281228,1161
"Johnston, Mary",122841,87276,7061,15430,799,6355,35107,0,20954,52024,"Johnston, Mary",0,0,0,0,0,0,0,0,0,0
"Stephenson, Nathaniel W. (Nathaniel Wright)",13943,12423,324,126,326,1223,2426,0,1311,3139,"Stephenson, Nathaniel W. (Nathaniel Wright)",0,0,0,0,0,0,0,0,0,0
"Burgess, Thornton W. (Thornton Waldo)",47425,56145,3091,4321,646,701,6870,0,20011,25274,"Burgess, Thornton W. (Thornton Waldo)",0,0,0,0,0,0,0,0,0,0
"Daudet, Alphonse",75341,42786,3761,5817,2275,5006,14408,0,11484,13191,"Daudet, Alphonse",74593,61868,3101,6979,4478,4175,17543,0,46940,6564
"Fabre, Jean-Henri",50138,32808,1963,789,2519,6014,10834,0,3920,753,"Fabre, Jean-Henri",15936,7663,494,224,560,1760,1958,0,13282,0
"Reeve, Arthur B. (Arthur Benjamin)",72185,71763,6725,2050,494,647,18312,0,13239,46940,"Reeve, Arthur B. (Arthur Benjamin)",0,0,0,0,0,0,0,0,0,0
"Cooper, Susan Fenimore",20133,10945,899,592,254,3941,4467,0,2042,7903,"Cooper, Susan Fenimore",0,0,0,0,0,0,0,0,0,0
"Sheridan, Richard Brinsley",9384,10236,1209,3071,319,1002,10854,0,3502,173,"Sheridan, Richard Brinsley",0,0,0,0,0,0,0,0,0,0
"France, Anatole",125195,90144,4250,4563,7718,8106,16974,5,9679,22581,"France, Anatole",111443,81740,3158,3448,8311,6074,30737,0,81669,1371
"Racine, Jean",1178,620,241,138,31,142,107,0,458,28,"Racine, Jean",1437,803,243,150,64,126,283,0,1059,4
"Huxley, Aldous",9577,9694,783,434,281,989,2329,0,2196,3785,"Huxley, Aldous",0,0,0,0,0,0,0,0,0,0
"Wodehouse, P. G. (Pelham Grenville)",150221,176614,20767,14274,1217,3885,38596,0,70706,76091,"Wodehouse, P. G. (Pelham Grenville)",0,0,0,0,0,0,0,0,0,0
"Sands, George W.",3076,676,100,261,57,343,726,0,544,124,"Sands, George W.",0,0,0,0,0,0,0,0,0,0
Molière,25027,31033,3593,3497,1647,4585,2882,0,2512,951,Molière,33967,32228,3738,4712,1848,5018,18108,0,24987,755
"Adams, Henry",43191,29079,1012,806,763,6605,6278,0,4397,6174,"Adams, Henry",0,0,0,0,0,0,0,0,0,0
"Adams, Samuel",23053,14934,535,205,762,2217,4141,0,1131,2259,"Adams, Samuel",0,0,0,0,0,0,0,0,0,0
"Saint-Pierre, Bernardin de",7546,2965,189,340,214,776,778,0,690,813,"Saint-Pierre, Bernardin de",0,0,0,0,0,0,0,0,0,0
"Sand, George",11991,6876,660,674,260,2016,1529,0,1586,3910,"Sand, George",413605,243856,25416,36394,14391,47229,138019,0,358041,6599
"Loti, Pierre",43461,16490,804,1846,981,4566,9858,0,1770,3535,"Loti, Pierre",99429,45989,1424,3795,3314,10353,21250,0,51966,1154
Voltaire,106959,52799,4567,1822,3683,16723,11398,0,5682,16780,Voltaire,13091,7607,751,568,979,2330,2264,0,10047,73
"Mérimée, Prosper",23055,18059,1234,1441,393,1407,3849,0,2539,5575,"Mérimée, Prosper",9560,7869,521,534,347,903,3292,0,8313,4
"Keats, John",19396,11394,808,1168,1375,2491,11160,0,4535,1549,"Keats, John",5059,5296,280,602,500,811,1500,0,3195,0
"Hesse, Hermann",4724,1518,222,120,173,86,113,0,0,0,"Hesse, Hermann",0,0,0,0,0,0,0,0,0,0
"Wallace, Alfred Russel",65106,33915,265,171,916,5909,15843,0,2268,3189,"Wallace, Alfred Russel",0,0,0,0,0,0,0,0,0,0
"Corneille, Pierre",3210,2106,297,932,109,551,1577,0,379,42,"Corneille, Pierre",81603,76179,5758,3803,9407,13414,17223,0,74994,2
"Taine, Hippolyte",119459,67724,1002,1149,7857,12216,28281,0,4588,26588,"Taine, Hippolyte",64602,33193,1605,1798,4103,9232,19426,0,37267,258
"Proust, Marcel",18471,4839,381,469,394,1489,2333,0,2988,2430,"Proust, Marcel",67836,26358,1456,1900,2429,2762,17833,0,48827,2210
"Wallace, Edgar",65916,55897,6577,3668,751,2529,20852,0,18194,58979,"Wallace, Edgar",0,0,0,0,0,0,0,0,0,0
"Joyce, James",24366,31406,3206,2330,3487,409,755,0,0,0,"Joyce, James",0,0,0,0,0,0,0,0,0,0
"Casanova, Giacomo",267845,168611,11257,5055,2407,23258,44365,0,15840,69099,"Casanova, Giacomo",0,0,0,0,0,0,0,0,0,0
"Frost, Robert",1882,2085,307,156,149,182,1169,0,1437,1180,"Frost, Robert",0,0,0,0,0,0,0,0,0,0
"Burroughs, John",98763,52354,2168,2100,1450,10515,21534,0,4321,10109,"Burroughs, John",0,0,0,0,0,0,0,0,0,0
"Hobbes, Thomas",23666,6453,178,0,1302,5005,757,0,0,1458,"Hobbes, Thomas",0,0,0,0,0,0,0,0,0,0
"Montaigne, Michel de",88497,28588,2459,516,6171,14557,9603,0,5079,12749,"Montaigne, Michel de",59139,17130,1639,395,6590,6319,10466,0,42399,2
"Ives, Charles",2247,1240,118,43,38,108,1554,0,268,944,"Ives, Charles",0,0,0,0,0,0,0,0,0,0
"Liszt, Franz",22159,15576,518,764,425,1427,6169,0,1739,5345,"Liszt, Franz",6754,2133,153,406,152,469,834,0,4936,0
"Rousseau, Jean-Jacques",78214,32241,2155,1050,2147,13213,3743,0,3265,3251,"Rousseau, Jean-Jacques",0,0,0,0,0,0,0,0,0,0
"Disraeli, Benjamin, Earl of Beaconsfield",144327,82700,8322,10218,4458,22106,12477,0,34641,14951,"Disraeli, Benjamin, Earl of Beaconsfield",0,0,0,0,0,0,0,0,0,0
"Wagner, Richard",29857,16049,1023,2750,781,2227,4123,0,3806,607,"Wagner, Richard",23753,10514,1485,3406,3411,1756,10054,0,14241,0
"Saint-Simon, Louis de Rouvroy, duc de",72701,38538,408,779,888,8366,11631,0,4721,2960,"Saint-Simon, Louis de Rouvroy, duc de",0,0,0,0,0,0,0,0,0,0
"Musset, Alfred de",16294,9742,2238,1521,641,4504,1235,0,722,5316,"Musset, Alfred de",32857,31251,5458,4873,1029,5977,12377,0,26753,219
"Vigny, Alfred de",23897,10935,1506,2242,632,4083,3364,0,1941,9532,"Vigny, Alfred de",22390,11432,1242,2313,1471,3818,9799,0,17656,670
"Halévy, Ludovic",10983,6843,861,1164,341,1405,2792,0,1518,4841,"Halévy, Ludovic",0,0,0,0,0,0,0,0,0,0
"Leblanc, Maurice",91501,105779,14365,11333,7995,5175,13318,0,18745,55364,"Leblanc, Maurice",5052,4866,652,500,364,17,3815,0,4133,2
"Mozart, Wolfgang Amadeus",10163,6624,313,525,218,1248,1840,0,919,1900,"Mozart, Wolfgang Amadeus",0,0,0,0,0,0,0,0,0,0
"Malthus, T. R. (Thomas Robert)",6851,2435,59,5,78,453,296,0,208,20,"Malthus, T. R. (Thomas Robert)",0,0,0,0,0,0,0,0,0,0
"Bergson, Henri",22293,7136,331,66,678,858,3592,0,266,948,"Bergson, Henri",0,0,0,0,0,0,0,0,0,0
"Renard, Jules",0,0,0,0,0,0,0,0,0,0,"Renard, Jules",10729,8610,855,1350,1083,270,5180,0,7328,35
"Munro, William Bennett",3224,2060,2,6,30,321,487,0,186,185,"Munro, William Bennett",0,0,0,0,0,0,0,0,0,0
"Verlaine, Paul",917,244,51,161,25,43,338,0,138,83,"Verlaine, Paul",4962,2231,237,796,165,153,982,0,3217,4
"Littré, Emile",0,0,0,0,0,0,0,0,0,0,"Littré, Emile",1691,889,51,7,72,294,366,0,1479,2
"Churchill, Winston",297911,245358,20343,10800,4986,15893,74980,0,68836,137925,"Churchill, Winston",0,0,0,0,0,0,0,0,0,0
"Jefferson, Thomas",142265,70586,1271,201,3028,9281,9308,0,4858,762,"Jefferson, Thomas",0,0,0,0,0,0,0,0,0,0
"Monroe, James",2330,1218,10,0,12,94,68,0,3,8,"Monroe, James",0,0,0,0,0,0,0,0,0,0
"Jackson, Andrew",4078,2091,23,0,16,140,249,0,30,32,"Jackson, Andrew",0,0,0,0,0,0,0,0,0,0
"Hayes, Rutherford Birchard",2034,1062,5,0,17,53,138,0,10,28,"Hayes, Rutherford Birchard",0,0,0,0,0,0,0,0,0,0
"Arthur, Chester Alan",1195,807,0,0,20,18,306,0,13,2,"Arthur, Chester Alan",0,0,0,0,0,0,0,0,0,0
"Cleveland, Grover",36532,20366,30,6,1784,1844,4404,0,943,2500,"Cleveland, Grover",0,0,0,0,0,0,0,0,0,0
"McKinley, William",17282,9454,18,2,601,1425,1618,0,348,546,"McKinley, William",0,0,0,0,0,0,0,0,0,0
"Coolidge, Calvin",4311,4597,70,3,32,161,399,0,86,150,"Coolidge, Calvin",0,0,0,0,0,0,0,0,0,0
"Hoover, Herbert",4664,4895,3,0,140,360,2530,0,97,419,"Hoover, Herbert",0,0,0,0,0,0,0,0,0,0
"Truman, Harry S.",2856,3720,19,4,55,111,943,0,128,71,"Truman, Harry S.",0,0,0,0,0,0,0,0,0,0
"Eisenhower, Dwight D. (Dwight David)",2489,2619,3,10,90,190,712,0,151,41,"Eisenhower, Dwight D. (Dwight David)",0,0,0,0,0,0,0,0,0,0
"Kennedy, John F. (John Fitzgerald)",932,953,7,0,39,37,784,0,49,48,"Kennedy, John F. (John Fitzgerald)",0,0,0,0,0,0,0,0,0,0
"Johnson, Lyndon B. (Lyndon Baines)",1263,1491,18,0,55,64,843,0,76,64,"Johnson, Lyndon B. (Lyndon Baines)",0,0,0,0,0,0,0,0,0,0
"Nixon, Richard M. (Richard Milhous)",976,841,8,0,26,21,324,0,74,26,"Nixon, Richard M. (Richard Milhous)",0,0,0,0,0,0,0,0,0,0
"Carter, Jimmy",1935,2146,6,0,80,142,643,0,321,60,"Carter, Jimmy",0,0,0,0,0,0,0,0,0,0
"Reagan, Ronald",1826,1710,29,2,102,93,504,0,498,92,"Reagan, Ronald",0,0,0,0,0,0,0,0,0,0
"Bush, George",749,801,6,0,53,13,176,0,218,32,"Bush, George",0,0,0,0,0,0,0,0,0,0
"Bush, George W. (George Walker)",2281,2513,4,0,121,47,709,0,303,74,"Bush, George W. (George Walker)",0,0,0,0,0,0,0,0,0,0
"Wilson, Woodrow",18611,10995,472,86,307,2397,2719,0,632,1120,"Wilson, Woodrow",0,0,0,0,0,0,0,0,0,0
"Boileau Despréaux, Nicolas",0,0,0,0,0,0,0,0,0,0,"Boileau Despréaux, Nicolas",1095,346,42,50,137,142,103,0,666,2
"Yeats, W. B. (William Butler)",69240,42045,2977,1796,1608,6353,8579,0,8879,3837,"Yeats, W. B. (William Butler)",0,0,0,0,0,0,0,0,0,0
"Train, Arthur Cheney",31177,31539,2899,4202,559,1612,11393,0,9580,20791,"Train, Arthur Cheney",0,0,0,0,0,0,0,0,0,0
"La Fontaine, Jean de",46767,17922,2005,2086,3346,10681,9223,0,14725,3920,"La Fontaine, Jean de",928,508,73,38,171,163,191,0,905,0
"Kandinsky, Wassily",1683,1460,27,2,114,90,344,0,75,376,"Kandinsky, Wassily",0,0,0,0,0,0,0,0,0,0
"Cherubini, Eugenio",1599,1492,144,390,35,65,194,0,98,1004,"Cherubini, Eugenio",0,0,0,0,0,0,0,0,0,0
Brillat-Savarin,6052,3944,77,51,144,354,434,0,173,520,Brillat-Savarin,8961,4653,126,198,640,1893,1653,0,7471,0
"Darwin, Francis, Sir",8210,6939,79,72,358,477,2033,0,1130,2046,"Darwin, Francis, Sir",0,0,0,0,0,0,0,0,0,0
"Russell, George William",14382,8692,610,401,780,1702,3059,0,698,1785,"Russell, George William",0,0,0,0,0,0,0,0,0,0
Alain-Fournier,0,0,0,0,0,0,0,0,0,0,Alain-Fournier,5814,4805,200,300,334,276,2185,0,3876,0
"Sylvester, Charles Herbert",82672,44485,3516,3796,5105,10414,15301,0,10245,19267,"Sylvester, Charles Herbert",0,0,0,0,0,0,0,0,0,0
"Spencer, Herbert",42248,18851,927,107,1388,6784,9858,0,1280,2961,"Spencer, Herbert",7146,3068,148,6,257,548,937,0,6632,0
"Baudelaire, Charles",9421,3670,436,681,362,1193,1563,0,787,1136,"Baudelaire, Charles",4222,1679,166,602,163,409,1488,0,2619,37
Colette,1469,1728,171,394,28,60,1193,0,622,124,Colette,12296,9867,1022,1190,746,219,4598,0,7074,1377
"Diderot, Denis",497,672,84,54,23,72,296,0,3,4,"Diderot, Denis",44103,33153,4085,2849,3451,11748,17307,0,41987,2
"Gide, André",0,0,0,0,0,0,0,0,0,0,"Gide, André",7289,6047,655,924,820,1658,5116,0,6805,160
"Moore, Thomas",132276,53367,2928,5917,4015,13176,46205,0,24822,22491,"Moore, Thomas",0,0,0,0,0,0,0,0,0,0
"Lafayette, Marie Joseph Paul Yves Roch Gilbert Du Motier, marquis de",14983,7246,78,56,376,1658,1464,0,727,174,"Lafayette, Marie Joseph Paul Yves Roch Gilbert Du Motier, marquis de",0,0,0,0,0,0,0,0,0,0
"Darwin, Erasmus",55208,45137,440,538,863,11743,10434,0,2997,948,"Darwin, Erasmus",0,0,0,0,0,0,0,0,0,0
"Clinton, Bill",2894,2822,32,4,122,116,788,0,718,56,"Clinton, Bill",0,0,0,0,0,0,0,0,0,0
"Schopenhauer, Arthur",93199,44957,712,529,3448,11634,11836,0,3574,6625,"Schopenhauer, Arthur",6733,2491,47,58,527,981,1042,0,5683,0
"Champollion, Jean-François",0,0,0,0,0,0,0,0,0,0,"Champollion, Jean-François",7551,3092,20,43,439,1222,1505,0,5200,190
"Maspero, G. (Gaston)",83376,39907,357,376,4850,7461,18561,0,1934,5174,"Maspero, G. (Gaston)",6908,4199,13,3,580,501,1301,0,4730,8
"Huysmans, J.-K. (Joris-Karl)",37289,15571,1239,1170,542,4066,4257,0,2311,9974,"Huysmans, J.-K. (Joris-Karl)",2009,696,42,108,56,268,685,0,1094,0
"Cartier, Jacques",0,0,0,0,0,0,0,0,0,0,"Cartier, Jacques",5044,2324,0,5,310,305,1205,0,2207,9
"Lenclos, Ninon de",6378,3060,427,121,180,478,432,0,399,607,"Lenclos, Ninon de",0,0,0,0,0,0,0,0,0,0
"Du Maurier, George",27402,13251,1115,4924,898,3802,16754,0,5689,7345,"Du Maurier, George",0,0,0,0,0,0,0,0,0,0
"Tyson, Edward",3588,2321,17,2,420,389,276,0,345,232,"Tyson, Edward",0,0,0,0,0,0,0,0,0,0
"Baden-Powell, B. H. (Baden Henry)",4289,2229,94,18,224,450,1047,0,127,1039,"Baden-Powell, B. H. (Baden Henry)",0,0,0,0,0,0,0,0,0,0
"Tesla, Nikola",2667,1464,23,4,72,130,492,0,46,44,"Tesla, Nikola",0,0,0,0,0,0,0,0,0,0
"Coleridge, Stephen",3397,1573,59,125,168,538,753,0,276,589,"Coleridge, Stephen",0,0,0,0,0,0,0,0,0,0
"Allais, Alphonse",0,0,0,0,0,0,0,0,0,0,"Allais, Alphonse",14480,11030,1296,2454,943,280,8406,0,9979,10
"Barbey d'Aurevilly, J. (Jules)",0,0,0,0,0,0,0,0,0,0,"Barbey d'Aurevilly, J. (Jules)",24710,10961,815,2441,576,1008,8760,0,17804,114
"Chamberlain, George Agnew",5409,5973,631,299,109,232,1596,0,2056,4361,"Chamberlain, George Agnew",0,0,0,0,0,0,0,0,0,0
"Abelard, Peter",2153,988,39,12,85,101,114,0,99,291,"Abelard, Peter",0,0,0,0,0,0,0,0,0,0
"Gautier, Théophile",44182,16762,1245,1785,706,5021,9051,0,2092,3045,"Gautier, Théophile",58714,21310,1496,3316,2481,8761,13727,0,35723,17
"Faraday, Michael",24341,16028,139,37,530,2510,8813,0,247,146,"Faraday, Michael",0,0,0,0,0,0,0,0,0,0
"Helvetius, Johann Friedrich",2153,443,27,9,80,204,57,0,9,2,"Helvetius, Johann Friedrich",0,0,0,0,0,0,0,0,0,0
"Vallès, Jules",0,0,0,0,0,0,0,0,0,0,"Vallès, Jules",13891,13119,1224,4106,858,1468,7100,0,13426,16
"Huygens, Christiaan",2794,1078,6,0,68,305,96,0,8,12,"Huygens, Christiaan",0,0,0,0,0,0,0,0,0,0
"La Bruyère, Jean de",14270,5967,434,140,198,2906,938,0,0,0,"La Bruyère, Jean de",11914,3296,659,205,1376,2465,1622,0,10869,0
"Kobbé, Gustav",34008,18897,341,791,779,1590,5538,0,4242,9634,"Kobbé, Gustav",0,0,0,0,0,0,0,0,0,0
"Pirandello, Luigi",4781,7822,1061,2114,291,312,1124,0,1694,297,"Pirandello, Luigi",0,0,0,0,0,0,0,0,0,0
"Mendelssohn-Bartholdy, Felix",28457,13858,492,588,534,4283,4275,0,459,744,"Mendelssohn-Bartholdy, Felix",0,0,0,0,0,0,0,0,0,0
"Michelet, Jules",41072,18824,1387,1344,1014,3539,6743,0,1288,2567,"Michelet, Jules",315711,221203,7290,6042,17067,22295,50705,0,181002,36
"Viollet-le-Duc, Eugène-Emmanuel",7563,4349,91,79,271,965,1427,0,454,615,"Viollet-le-Duc, Eugène-Emmanuel",142899,78504,1123,448,9337,16798,28916,0,96762,14
"Fitzgerald, Robert",3258,1979,224,426,22,245,1257,0,1473,884,"Fitzgerald, Robert",0,0,0,0,0,0,0,0,0,0
"D'Annunzio, Gabriele",6787,4474,566,478,72,440,3207,0,3323,182,"D'Annunzio, Gabriele",0,0,0,0,0,0,0,0,0,0
"Talleyrand-Périgord, Charles Maurice de, prince de Bénévent",0,0,0,0,0,0,0,0,0,0,"Talleyrand-Périgord, Charles Maurice de, prince de Bénévent",70092,43652,823,286,2499,6470,15350,0,57717,0
"Itard, Jean Marc Gaspard",0,0,0,0,0,0,0,0,0,0,"Itard, Jean Marc Gaspard",1512,577,11,10,43,167,226,0,1343,0
"Régnier, Henri de",0,0,0,0,0,0,0,0,0,0,"Régnier, Henri de",1562,612,30,76,74,219,105,0,1297,0
"Montesquieu, Charles de Secondat, baron de",0,0,0,0,0,0,0,0,0,0,"Montesquieu, Charles de Secondat, baron de",18022,14469,557,286,2333,3396,2430,0,15848,0
"Gounod, Charles",3975,2123,130,282,28,246,799,0,384,786,"Gounod, Charles",4265,1881,124,330,318,461,946,0,3650,0
"Whistler, James McNeill",4333,3604,220,340,355,228,2348,0,763,1991,"Whistler, James McNeill",0,0,0,0,0,0,0,0,0,0
"Robespierre, Maximilien",0,0,0,0,0,0,0,0,0,0,"Robespierre, Maximilien",20325,9450,1683,799,1327,4228,3715,0,18472,426
"Hamilton, Francis",14829,7872,6,0,64,880,515,6,0,0,"Hamilton, Francis",0,0,0,0,0,0,0,0,0,0
"Lovecraft, H. P. (Howard Phillips)",8370,6893,80,145,295,873,1633,0,2186,2935,"Lovecraft, H. P. (Howard Phillips)",0,0,0,0,0,0,0,0,0,0
"Massenet, Jules",3134,3039,90,243,109,139,691,0,329,611,"Massenet, Jules",7017,3697,155,684,309,247,1280,0,4939,0
"Fleming, J. A. (John Ambrose), Sir",3502,2269,0,0,54,208,520,0,153,142,"Fleming, J. A. (John Ambrose), Sir",0,0,0,0,0,0,0,0,0,0
"Douce, Francis",24419,21019,271,97,806,1997,2964,0,3040,3904,"Douce, Francis",0,0,0,0,0,0,0,0,0,0
"Sévigné, Madame de",0,0,0,0,0,0,0,0,0,0,"Sévigné, Madame de",19671,11838,731,817,3667,6615,4013,0,18349,0
"Napoleon III, Emperor of the French",35259,21842,206,85,952,3134,16912,0,640,2156,"Napoleon III, Emperor of the French",0,0,0,0,0,0,0,0,0,0
"Chateaubriand, René",0,0,0,0,0,0,0,0,0,0,"Chateaubriand, René",13048,8243,408,407,2212,2057,3753,0,10225,0
"Montagu, Edward Wortley",7043,4259,36,28,180,457,209,0,76,156,"Montagu, Edward Wortley",0,0,0,0,0,0,0,0,0,0
"Claudel, Paul",0,0,0,0,0,0,0,0,0,0,"Claudel, Paul",4291,6434,1064,1033,68,51,7081,0,4695,0
"Walters, H. B.",44306,54559,150,48,6860,8084,12082,748,152,415,"Walters, H. B.",0,0,0,0,0,0,0,0,0,0
"Voltaire, Francois-Marie de",0,0,0,0,0,0,0,0,0,0,"Voltaire, Francois-Marie de",4625,2695,102,5,350,681,1461,0,3676,0
